,Date,Source,Title,Headline
0,2023-09-25,the-verge,YouTube is axing its ad free Premium Lite subscription plan,YouTube getting Premium Lite month free subscription users offered select European countries including Belgium Denmark Finland Luxembourg Netherlands Norway Sweden
1,2023-10-03,,A YouTube Bug Is Allowing Users to Upload Hardcore Porn,investigation shows that YouTube that allows users upload hardcore pornography platform make matters funnier exactly clear that YouTube knows that capable taking down explicit mate
2,2023-09-22,,The Out of Touch Adults Guide to Kid Culture Who Is Sneako and Why Is He so Dangerous,There lots learn about this week attention Study questions Sneako most hated internet What does keep lemon mean Does copyright even exist YouTube extra credi
3,2023-10-03,,These Latest Celebrity Deepfakes Show How Advanced Scams Have Become,long existed this advice rung true believe everything internet Whether personal blog tweet YouTube video TikTok anyone anything here tough know whether they
4,2023-09-29,,Everything You Need to Know About the Fitbit Charge,Fitbit most popular models Charge version Charge Google Maps Google Wallet YouTube Music controls built along with heart rate sensing that company says most accurate date preorder
5,2023-09-28,,Where to Stream the Iowa State Vs Oklahoma Game,This Saturday Iowa State Cyclones travel Norman Okla take undefeated Oklahoma Sooners matchup Both teams coming victories Iowa State thrashed Oklahoma State last week earning victory home Oklahoma
6,2023-10-05,,Where to Stream the Oklahoma Vs Texas Game,powerhouses facing this weekend when Oklahoma Sooners Texas Longhorns throw down Cotton Bowl Stadium Dallas Saturday classic River Rivalry game Both teams walking unbowed undefeated some
7,2023-09-14,engadget,Watch Sony s latest State of Play here at PM ET,Sony hosting State Play livestreamed event today Sony says announcement will include something everyone focusing primarily indie third party titles promising updates flagship games State Play follows
8,2023-10-03,,YouTube Music now lets you automatically download new podcast episodes,After adding podcasts platform service gets auto download feature
9,2023-09-27,,YouTube Music adds Song details for extra discoverability,YouTube Music brings Song details users Android
10,2023-09-07,,YouTube launches NFL Sunday Ticket free trial just before kickoff,YouTube rolling free trial Sunday Ticket just time kickoff
11,2023-09-15,,NFL Sunday Ticket proves to be quite popular on YouTube,Reports have surfaced regarding YouTube Sunday Ticket performance what future could look like
12,2023-09-26,,Cheaper YouTube Premium Lite to be discontinued soon,YouTube introduced Premium Lite feature cheaper alternative original premium service have free watching experience
13,2023-10-03,,YouTube is giving its Library tab a more personal redesign,YouTube giving Library makeover renaming making more personalized
14,2023-09-21,,YouTube to Introduce Generative AI Feature Dream Screen CNET,company putting some powered tools hands creators
15,2023-09-12,,YouTube Music Integration May Be Coming to HomePod,YouTube Music soon available directly HomePod HomePod mini through Siri integration according code hidden YouTube Music that discovered software miner aaronp There section YouTube Music
16,2023-09-26,,Google Podcasts Shutting Down In For YouTube Music,Google Podcasts shutting down after YouTube Music picks full global availability podcasts which expected before Google reports YouTube Music will Google podcasting service going forward From
17,2023-09-18,,YouTube Music might have you reaching for a tissue with its new mood filters,Users have started reporting that mood filters showing YouTube Music
18,2023-09-19,,Bard now taps into the brains of Google apps to get even smarter,Google ChatGPT rival feasting Maps YouTube Flights Hotels other first party apps expand knowledge
19,2023-09-08,,YouTube aims to make its ads a little less annoying on TVs,YouTube details couple experiments aimed making experience little more fluid
20,2023-10-02,engadget,NordVPN review A bit too overhyped for the price,know NordVPN from popular ambassador program taking social media storm influencers sign make money advertising virtual private network despite popularity didn make list nine providers published
21,2023-10-05,,Everybody Hates This YouTube Channel s AI Filtered Video Game Faces,Remember Corridor Digital Angeles based production studio that made waves months back with generated Rock Paper Scissors anime video team claims that tech could democratize animation industry That video wound
22,2023-09-08,,Thomas Sanladerer s YouTube Channel Goes in the Toilet,like Thomas Sanladerer when channel gone toilet mean that quite literally broken toilet wanted compare options effecting printed repair
23,2023-09-07,engadget,Google reveals the Pixel design ahead of Apple s iPhone event,consumer tech world shifts gaze towards Apple expected iPhone launch next week Google appears determined make sure forget Pixels pipeline company posted sneak peek Pixel Pixel YouTub
24,2023-09-19,,Google Bard Extensions Brings More AI Power To Maps YouTube Gmail and More,Google Bard getting support Extensions today incorporating essential apps like Google Maps YouTube Hotels Flights simplify data retrieval accelerate creative process Android Police reports This integration ensures that users
25,2023-09-28,business-insider,I watched YouTube in a self driving Mercedes and experienced the future of commuting,Mercedes first kind self driving tech lets watch play games while your does work test traffic
26,2023-09-19,business-insider,Russell Brand can no longer make money on YouTube following sexual assault accusations from women,Comedian Russell Brand longer make money million subscriber YouTuber channel following multiple allegations sexual assault
27,2023-09-27,,Warner Music Group CEO Says We Should Embrace AI in the Music Industry,Writers Guild America comes agreement with movie television studios over Hollywood would appear that music industry reckoning Warner Music Group Robert Kyncl thinks really good thing
28,2023-09-19,business-insider,Google is turning its Bard AI chatbot into a personal assistant by tapping into products like Gmail and Maps giving it a key advantage in the AI race,Google supercharging Bard chatbot integrating apps such Gmail YouTube also seeking make clearer when Bard hallucinates
29,2023-09-28,business-insider,Teens spend nearly hours a day on TikTok and barely look at Facebook a new study says See how other apps stack up,Teens glued certain apps TikTok YouTube rule Facebook Pinterest study says half plus notifications
30,2023-09-15,,Why You Should Always Study in Silence According to Science,Whether listening music while read simply live household noisy people silence something used finding before hitting books should Here should strive study
31,2023-09-26,bbc-news,Humans of New York s Brandon Stanton wades into India copyright row,Humans Bombay which follows same format York blog suing similar Indian platform
32,2023-09-19,engadget,Google s Bard AI can tap the company s apps and your personal data for better responses,already seen OpenAI Salesforce incorporate their standalone chatbots into larger more comprehensive machine learning platforms that span breadth depth their businesses Tuesday Google announced that Bard receiving same
33,2023-09-19,engadget,How to watch and follow Thursday s Microsoft Surface event,Microsoft holding special event Thursday September Details scant timing certainly indicates fall hardware event likely prioritizing line Surface products There livestream watch whol
34,2023-09-08,engadget,The AI generated fake Drake and The Weeknd track is not eligible for a Grammy,Recording Academy Harvey Mason setting record straight After Variety reported earlier this week that generated track echoing voices Drake Weeknd would considered Grammy Award Mason insisting that
35,2023-09-19,,Dickensian sex pest Russell Brand demonetized on YouTube,Russell Brand career lived posing dickensian pest commenter perfectly died last weekend documentary expos reporting numerous claims rape sexual assault other abuse hands Read rest
36,2023-09-12,,YouTube Primetime Channels explained,Learn everything need know about YouTube Primetime Channels
37,2023-09-19,,Google Bard can now tap directly into Gmail Docs Maps and more,Google Bard directly access information from apps like Gmail Docs Maps Flights YouTube provide more comprehensive personalized responses within conversation
38,2023-09-27,the-verge,EU criticizes X over levels of disinformation found on platform,European Union regulators have reprimanded Elon Musk after platform formerly known Twitter found have higher levels misinformation report
39,2023-09-21,the-verge,Google taunts Apple again over its lack of RCS messaging support,Google released cheesy video advertising fake iPager gadget Apple reverting iMessages texted Android devices fashioned
40,2023-10-02,the-verge,MrBeast is putting his snack brand s logo on NBA jerseys,Feastables snack company owned MrBeast partnering with Charlotte Hornets snack brand logo will appear team jerseys season
41,2023-09-19,,Are Werewolves Real New Documentary Werewolves Unearthed Has Fun Investigating,These days matter what wild thing choose believe find someone agrees with most famously politics also quite often world batty conspiracies choose believe that there wolves there
42,2023-09-08,engadget,Viral indie game Only Up delisted from Steam,developer Only viral indie climbing game that blew popularity Twitch streams delisted title from Steam After receiving accusations using infringing assets promoting NFTs game creator said they plan
43,2023-09-30,,Jury acquits delivery driver who shot YouTube prankster harassing him in mall,Alan Colie shot Tanner Cook after latter stalked mall refused stop jury there just acquitted malicious wounding determining that Colie acted self defense Cook YouTuber films himself harassing
44,2023-10-05,wired,Chatbot Hallucinations Are Poisoning Web Search,Untruths spouted chatbots ended Microsoft Bing search engine served them facts Generative could make search harder trust
45,2023-09-19,,YouTube Blocks Monetization Of Russell Brand s Account After Sex Assault Claims,comedian turned influencer will longer able make money from account which million subscribers
46,2023-09-29,,Jury Acquits Man Who Shot YouTube Prankster At Mall Food Court,Footage incident shows Tanner Cook harassing Alan Colie YouTube channel which features other pranks like pretending vomit Uber drivers
47,2023-10-04,bbc-news,Sikkim cloud burst At least Indian troops missing after flash floods,army launched search rescue operation missing troops
48,2023-09-19,wired,Get Ready for ChatGPT Style AI Chatbots That Do Your Boring Chores,Move over Siri Startups using technology behind ChatGPT build more capable agents that control your computer access things done with sometimes chaotic results
49,2023-09-30,wired,Everything Should Be As Easy to Upgrade As the Steam Deck,days making gadgets better longer lasting long past possibly hopefully future
50,2023-10-06,wired,Meet the Next Generation of Doctors and Their Surgical Robots,worry your next surgeon will definitely human just medical students training scalpel they also training robots designed make surgeries easier
51,2023-09-12,,YouTube Music working on HomePod integration,YouTube Music users soon have direct streaming Siri control from their HomePod YouTube Music could come HomePodApple given third party developers option native support their music services HomePod since very
52,2023-09-11,,Join CNET s Apple Event Watch Party Will Wonderlust Bring the iPhone CNET,watch party begins Tuesday including postshow analysis Apple event
53,2023-09-12,,Kevin Conroy s Batman Honored in Mask of the Phantasm Featurette,legacy late great Kevin Conroy Batman which began Batman Animated Series continued beloved tenure across animated films games celebrated featurette made home release Batman Mask Phantasm Read
54,2023-09-24,,Squid Game s Reality Show is Here and It s Odd as It Sounds,When Squid Game dropped such that could tell that Netflix going long show momentum would allow Though season still ways away streamer looking other ways fill void
55,2023-10-02,,Monday Night Football How to Watch Seahawks vs Giants ManningCast Without Cable CNET,Week concludes tonight Meadowlands with York Giants hosting Seattle Seahawks
56,2023-09-17,,Disney s Released Rogers The Musical For You to Blast Into Your Ears,usually Marvel Cinematic Universe things memorable original music really them Rogers Musical corny Hamilton alike that told very condensed story Chris Evans Captain America more succ
57,2023-09-23,,Dimension s Next Season Makes the TTRPG Series a Family Affair,that time year again where Dimension brand season Throughout Dropout TTRPG show taken cast through underworld food kingdoms person mind Osmosis Jones season show going more relati
58,2023-09-14,,I can t get enough of this three legged dog s toothy grin,Meet Jeanie Pippa They both rescue dogs they both legged dogs They also adorable Their human describes them their YouTube page Rescues Activists Children Book Stars Icons Jeanie world cutest legged
59,2023-10-03,,In this Open Letter to Crayola the Color Nerd proposes a new pack that will better teach students about hue and complementary colors,Peter Donahue artist educator using social media explains make color theory accessible YouTube channel describes some what does explore color theory weirdness Read rest
60,2023-09-28,,How Rhett Link Manage Co Founder Disagreements Without Sacrificing Friendship,Best friends since grade school former engineers began posting comedy shows YouTube Today Rhett Link Burbank California entertainment company Mythical employs more than people create YouTube series
61,2023-10-06,,I dismantled my year old printer to replace a tiny piece of rubber and it was so worth it,When Samsung laser printer stopped working turned YouTube
62,2023-09-11,,How to Watch Apple s Wonderlust iPhone Event on Tuesday September,Apple hosting online streaming event public press September Pacific Time company expected announce iPhone lineup alongside Apple Watch Series Apple Watch Ultra potentially other
63,2023-09-11,,Apple Event Recapping Last Minute Rumors for iPhone and More,just away from Apple annual September event usual there have been several last minute rumors about iPhone other devices event begins Tuesday Pacific Time with live stream available YouTube
64,2023-09-13,bbc-news,Kerala India state on alert after Nipah virus deaths,This fourth Nipah virus outbreak Kerala state since
65,2023-09-25,,How to Watch The Voice Stream Season From Anywhere CNET,vocal talent show back with country legend Reba McEntire joining mentors
66,2023-10-02,,MLB Playoffs How to Watch the Wild Card Games Without Cable CNET,Major League Baseball postseason begins Tuesday with four best three Wild Cards series
67,2023-09-22,bbc-news,Chandrayaan Indian space agency Isro says no signal yet from Moon lander,Chandrayaan dormant during lunar night extreme cold could have harmed batteries
68,2023-09-22,bbc-news,Russian TV teases launch of Tucker Carlson show,News anchor appears trailer state Rossiya exact details clear
69,2023-10-06,,The MacRumors Show Sara Dietschy Talks Favorite Apple Accessories,YouTuber content creator Sara Dietschy joins this week episode MacRumors Show discuss some favorite Apple accessories more Subscribe MacRumors YouTube channel more videos talk through Sara thoughts
70,2023-09-22,,YouTube drop tests are a terrible indication of iPhone durability,YouTubers have already flocked Australia other territories perform drop tests iPhone given that there usually zero scientific rigor testing they just done entertainment When dropped from height iPhone will
71,2023-09-22,,Video iPhone and iPhone Pro Unboxing,Apple iPhone iPhone models heading customers over world including here MacRumors videographer Barbera just iPhones over YouTube unboxed iPhone iPhone
72,2023-09-22,engadget,The Morning After Everything announced at Microsoft s Surface event,Microsoft even without usual face Surface announcements plenty show assembled media industry guests yesterday Unsurprisingly with focused latest developments Copilot assistant graduati
73,2023-09-22,,Man makes his own Aztec Death Whistle and tests it on his family with disturbing results,Turn down volume before play this video from Action YouTube channel which explores blood curdling sound Aztec Death Whistle ancient ceremonial instrument that sounds like woman shrieking terror Discovered archaeol
74,2023-09-22,,YouTube is coming for TikTok s head with its own video editing app,YouTube Create lets edit your videos like without hassle
75,2023-09-26,bbc-news,India LGBTQ wedding sparks controversy in Punjab,marriage solemnised Sikh temple with couple performing traditional rituals
76,2023-09-25,,How to Remix a YouTube Short,possible remix YouTube Shorts more than this guide will show everything need know
77,2023-09-08,bbc-news,In pictures India gets ready for G,summit just away Indian capital Delhi decked ready welcome guests
78,2023-10-06,bbc-news,Sikkim flood Rescue efforts continue as death toll rises,flash flood Sikkim state caused massive damage left thousands stranded
79,2023-09-19,,Google Bard AI Dips into Gmail Google Maps YouTube CNET,capabilities tech giant chatbot that span across Google platform make Bard more helpful
80,2023-09-19,associated-press,YouTube suspends Russell Brand from making money off the streaming site,YouTube says Russell Brand will longer make money from video streaming site after several women made allegations sexual assault against comedian turned influencer YouTube says Brand account been suspended following serious allegations
81,2023-10-02,,YouTube Music can now automatically download podcasts,recent report revealed feature YouTube Music that will automatically download podcasts users post YouTube Music automatically download podcasts appeared first Phandroid
82,2023-10-06,,Apple Shares Shot on iPhone Pro Ad Featuring Olivia Rodrigo,Apple today shared Shot iPhone starring singer Olivia Rodrigo YouTube channel Canada video provides brief behind scenes look music video that Rodrigo team shot entirely iPhone
83,2023-09-12,,Apple Event Live Blog iPhone New Apple Watch Models and More Expected,Apple Wonderlust event kicks today Pacific Time where expecting iPhone lineup updated Apple Watch Series Apple Watch Ultra models case update AirPods perhaps some other announcements
84,2023-09-15,,Disney Treasure Inside the Wild Suites on the New Cruise Ship CNET,Bookings open next week Disney latest cruise ship which will sail Caribbean seven night voyages
85,2023-09-11,,How does Starfield s debut stack up on Twitch and YouTube,Starfield launch boost content viewership during limited access window which mirrors that Hogwarts Legacy dominates another popular release
86,2023-10-06,,Shell Called Out For Promoting Fossil Fuels To Youth Via Fortnite Game,Climate activists calling Shell partnering with popular video gamers online youth influencers promote fossil fuels younger generation From report giant which July reported quarterly profits more than worked
87,2023-09-18,,The Fitbit Charge could bring back a long lost hardware feature,Rumors indicate that could bring back physical button along with Google Maps YouTube Music support
88,2023-09-11,,A Multi Level View of LLM Intentionality,Prompted Keith Frankish recent streamed discussion intentionality YouTube there particular idea wanted share which
89,2023-09-14,,What We Know About the Alien Corpses Shown to Mexico s Congress,internet buzzing with images tiny mummified bodies with three fingers elongated head alleged corpses extraterrestrial life congressional hearing held Mexico UFOs latest join string recent headlines aliens
90,2023-09-21,,Vizio s New Quantum Smart TVs Want to Stress Quality Color for Cheap,Vizio built television brand trying offer relatively strong picture display quality budget company breaking away from that mold with latest displays Vizio announced Quantum Quantum Smart Thursday
91,2023-09-22,,year old college student absolutely nails Name when invited onstage to play guitar with the Goo Goo Dolls,This entire video huge smile face filmed August Dolls show Simpsonville South Carolina features year Jake Stein invited stage play guitar Dolls song Name Read
92,2023-09-19,ars-technica,Google s AI assistant can now read your emails plan trips double check answers,Google admits that Bard always accurate ropes Gmail through Extensions
93,2023-09-26,,YouTube Premium Lite is the latest service to join the Google graveyard,YouTube cheaper paid plan shutting down after October
94,2023-10-02,wired,HP AMD Omen Review A Powerful Gaming Laptop,weighs little more than pounds this beefy laptop gaming powerhouse used keyboard
95,2023-09-10,,Vice Media s credibility in tatters after kowtowing to Saudi censorship,Vice Media once edgy news outlet that built reputation hard hitting investigative journalism apparently sold spine bucketful riyals recently removed documentary Inside Saudi Crown Prince Ruthless Quest Power from
96,2023-10-05,,Revolving sushi restaurants replace food conveyors with touchscreens after sushi terrorist pranks,Japanese sushi chain replacing revolving sushi conveyors with touchscreens after misbehaving customers sushi terrorists played series unhygienic pranks which shocking impact bottom line Once again YouTube Instagram Tiktok
97,2023-09-26,,YouTube to remove popular tier from its offerings,Popular European tier YouTube Lite being retired surprise email today talk about outs this secret YouTube tier post YouTube remove popular tier from offerings appeared first Phandroid
98,2023-09-19,,Google Bard Extensions brings more AI power to Maps YouTube Gmail and more,Dive into your emails documents files with Bard your side
99,2023-09-17,,YouTube Music s newly added mood filter encourages you to cry your heart out,Accompanied four other filters
